model,num_samples,mae,rmse,correlation,child_adult_accuracy,child_recall,child_precision,avg_inference_time,predictions_mean,predictions_std
audeering_24layer,100,11.671654163599014,15.146507211551992,0.4057186756524598,0.62,0.28,0.875,1.5029466080665588,27.18703978508711,10.990039826636483
audeering_6layer,100,12.430951966047287,14.947051803961234,0.4458211563758733,0.58,0.2,0.8333333333333334,0.6331667971611022,27.94190487265587,9.837172210513298
wavlm_acoustic,100,18.686481311798097,20.244514867215273,0.09097632653514169,0.5,0.0,0.0,0.7555902504920959,35.01716250228882,0.005543182614757415
voxprofile_wavlm,100,7.8872333335876466,9.528380886442536,0.331051923991932,0.65,0.48,0.7272727272727273,1.7753807187080384,20.99971628189087,6.256560837767606
speechbrain_ecapa,100,11.319486167877912,13.721845509574313,-0.3046024708076875,0.5,1.0,0.5,0.7805669856071472,7.177538930922747,4.303279664217666
