,MAE,RMSE,Pearson_r,Child_Adult_Accuracy,Child_Recall,Adult_Recall,Child_F1
wav2vec2-audeering,11.671654163599014,15.146507211551992,0.40571867565245945,0.62,0.28,0.96,0.42424242424242425
wavlm-acoustic,16.393347585972165,17.970365021664477,0.40061559226855104,0.5,0.0,1.0,0.0
